scenario;vendeur;carte;set;etat;langue;foil;pxd;quantite;prix_unitaire;ligne_total;fdp_vendeur;total_vendeur
max_3_vendeurs;Boutique-TCG;Ancêtre gargaroth;Commander: Aetherdrift;NM;en;no;2,60;4;2,07;8,28;6,50;98,48
max_3_vendeurs;Boutique-TCG;Aperçu de l'impossible;Horizons du Modern 3;NM;en;no;;1;0,26;0,26;6,50;98,48
max_3_vendeurs;Boutique-TCG;Avidité sournoise;Meurtres au manoir Karlov: Extras;NM;en;no;;4;0,18;0,72;6,50;98,48
max_3_vendeurs;Boutique-TCG;Bosquet gorgé d'eau;Univers infinis: Doctor Who;NM;en;no;1,00;3;0,46;1,38;6,50;98,48
max_3_vendeurs;Boutique-TCG;Charme de Flestrefleur;Les Secrets de Strixhaven;NM;en;no;;4;0,36;1,44;6,50;98,48
max_3_vendeurs;Boutique-TCG;Chêne de course;Horizons du Modern 2;NM;en;no;;2;1,47;2,94;6,50;98,48
max_3_vendeurs;Boutique-TCG;Compagnie rassemblée;Les Dragons de Tarkir;EX;en;no;;4;3,75;15,00;6,50;98,48
max_3_vendeurs;Boutique-TCG;Compagnie rassemblée;Mystery Booster 2;NM;en;no;;4;3,17;12,68;6,50;98,48
max_3_vendeurs;Boutique-TCG;Couvécaille indolent;Horizons du Modern 3;NM;en;no;;3;0,26;0,78;6,50;98,48
max_3_vendeurs;Boutique-TCG;Double fournaise;Jumpstart Fondations;NM;en;no;;4;0,26;1,04;6,50;98,48
max_3_vendeurs;Boutique-TCG;Double lancer;Édition de base 2019;NM;en;no;;4;0,36;1,44;6,50;98,48
max_3_vendeurs;Boutique-TCG;Dragon rouge;Forgotten Realms: Aventures dans les Royaumes Oubliés: Extras;NM;en;no;;3;0,46;1,38;6,50;98,48
max_3_vendeurs;Boutique-TCG;Délivrance du druide;Commander 2019;NM;en;no;;3;0,26;0,78;6,50;98,48
max_3_vendeurs;Boutique-TCG;Empereur Mihail;Commander: Dominaria Uni: Extras;NM;en;yes;;2;1,48;2,96;6,50;98,48
max_3_vendeurs;Boutique-TCG;Exhibition de servos;Kaladesh;NM;en;no;;4;0,26;1,04;6,50;98,48
max_3_vendeurs;Boutique-TCG;Ferre-marée de Tishana;Les cavernes oubliées d'Ixalan: Extras;NM;en;no;5,00;2;4,86;9,72;6,50;98,48
max_3_vendeurs;Boutique-TCG;Haldir, lieutenant de la Lórien;Commander: Le Seigneur des Anneaux : chroniques de la Terre du Milieu;NM;en;no;;4;0,36;1,44;6,50;98,48
max_3_vendeurs;Boutique-TCG;Jiang Yanggu, façonneur de la forêt;La guerre des Planeswalkers;NM;en;no;;2;0,26;0,52;6,50;98,48
max_3_vendeurs;Boutique-TCG;Kiora, mandeuse de béhémoth;La guerre des Planeswalkers;NM;en;no;;2;1,47;2,94;6,50;98,48
max_3_vendeurs;Boutique-TCG;Lande fétide;Commander: Tarkir: la tempête des dragons;NM;en;no;;3;0,56;1,68;6,50;98,48
max_3_vendeurs;Boutique-TCG;Lumière de Lèveciel;Lorwyn éclipsé;NM;en;no;3,00;3;2,49;7,47;6,50;98,48
max_3_vendeurs;Boutique-TCG;Mentor des humbles;Jumpstart Fondations;NM;en;no;;4;0,26;1,04;6,50;98,48
max_3_vendeurs;Boutique-TCG;Patricienne des Kalastria;Fondations de Magic: The Gathering: Collection de démarrage;NM;en;no;1,00;4;0,46;1,84;6,50;98,48
max_3_vendeurs;Boutique-TCG;Regard sylvestre;La bataille de Zendikar;NM;en;no;;2;0,36;0,72;6,50;98,48
max_3_vendeurs;Boutique-TCG;Relai zingant;Horizons du Modern 2;NM;en;no;;3;0,18;0,54;6,50;98,48
max_3_vendeurs;Boutique-TCG;Renégat de Narnam;La révolte éthérique;NM;en;no;;2;0,46;0,92;6,50;98,48
max_3_vendeurs;Boutique-TCG;Renégat de Narnam;La révolte éthérique;EX;en;no;;1;0,36;0,36;6,50;98,48
max_3_vendeurs;Boutique-TCG;Sage de l'évolution;La guerre des Planeswalkers;NM;en;no;;1;3,17;3,17;6,50;98,48
max_3_vendeurs;Boutique-TCG;Sinister Gnarlbark;Commander: Lorwyn éclipsé;NM;en;no;;4;0,76;3,04;6,50;98,48
max_3_vendeurs;Boutique-TCG;Slinza, la ruée piquante;Jumpstart Fondations;NM;en;no;;2;0,46;0,92;6,50;98,48
max_3_vendeurs;Boutique-TCG;Soulèvement de Garruk;Commander: Bloomburrow;NM;en;no;;1;0,76;0,76;6,50;98,48
max_3_vendeurs;Boutique-TCG;Tribunal du Conclave;Les Guildes de Ravnica;NM;en;no;;1;0,18;0,18;6,50;98,48
max_3_vendeurs;Boutique-TCG;Voyageur damné;Ravnica: Cluedo Edition;NM;en;no;;3;0,18;0,54;6,50;98,48
max_3_vendeurs;Boutique-TCG;Vétéran de la volée;Jumpstart Fondations;NM;en;no;;2;0,18;0,36;6,50;98,48
max_3_vendeurs;Boutique-TCG;Étincelles chorégraphiées;Les Secrets de Strixhaven;NM;en;no;;4;0,26;1,04;6,50;98,48
max_3_vendeurs;Boutique-TCG;Éveilleur sangfoudre;Édition de base 2020;EX;en;no;;1;0,66;0,66;6,50;98,48
max_3_vendeurs;Cartapapa-GP;Amer calvaire;Vision de l'Avenir;EX;fr;no;;2;3,90;7,80;4,10;51,81
max_3_vendeurs;Cartapapa-GP;Amer calvaire;Vision de l'Avenir;GD;fr;no;;1;3,50;3,50;4,10;51,81
max_3_vendeurs;Cartapapa-GP;Anarchomancien gobelin (V.1);Horizons du Modern 2: Extras;NM;en;no;;4;0,50;2,00;4,10;51,81
max_3_vendeurs;Cartapapa-GP;Capitaine de la milice de Hanweir // Chef de culte du Val d'Orient;Ténèbres sur Innistrad;EX;en;no;;4;0,99;3,96;4,10;51,81
max_3_vendeurs;Cartapapa-GP;Chêne de course;Horizons du Modern 2;NM;en;no;;2;1,50;3,00;4,10;51,81
max_3_vendeurs;Cartapapa-GP;Communion avec les dieux;Eternal Masters;NM;en;no;;4;0,30;1,20;4,10;51,81
max_3_vendeurs;Cartapapa-GP;Conte-destin de Thraben;Commander: Ikoria;NM;en;no;;2;0,20;0,40;4,10;51,81
max_3_vendeurs;Cartapapa-GP;Faire fortune;Horizons du Modern 2;NM;en;no;;4;1,50;6,00;4,10;51,81
max_3_vendeurs;Cartapapa-GP;Ralliement des ancêtres;Destin reforgé;EX;en;no;;2;0,90;1,80;4,10;51,81
max_3_vendeurs;Cartapapa-GP;Reflet mystique;Kaldheim;NM;fr;no;;4;1,50;6,00;4,10;51,81
max_3_vendeurs;Cartapapa-GP;Sage de l'évolution;Commander: Lorwyn éclipsé;NM;en;no;;3;2,95;8,85;4,10;51,81
max_3_vendeurs;Cartapapa-GP;Souveraine ondine;Commander: Les cavernes oubliées d'Ixalan;NM;en;no;;4;0,50;2,00;4,10;51,81
max_3_vendeurs;Cartapapa-GP;Témoin au rabais;Les Guildes de Ravnica;NM;en;no;;4;0,30;1,20;4,10;51,81
max_3_vendeurs;RedScorpion;Amer calvaire;Vision de l'Avenir;GD;fr;no;;1;4,10;4,10;4,10;99,90
max_3_vendeurs;RedScorpion;Argoth, sanctuaire de la nature // Titania, Gaia incarnée;La Guerre Fratricide;NM;en;no;;1;2,22;2,22;4,10;99,90
max_3_vendeurs;RedScorpion;Argoth, sanctuaire de la nature // Titania, Gaia incarnée;La Guerre Fratricide;NM;fr;no;;1;2,22;2,22;4,10;99,90
max_3_vendeurs;RedScorpion;Champion de la voie;Lorwyn éclipsé;NM;fr;no;;1;1,36;1,36;4,10;99,90
max_3_vendeurs;RedScorpion;Champion de la voie;Lorwyn éclipsé;NM;fr;no;;1;0,75;0,75;4,10;99,90
max_3_vendeurs;RedScorpion;Dragon rouge;Forgotten Realms: Aventures dans les Royaumes Oubliés;NM;fr;no;;1;0,45;0,45;4,10;99,90
max_3_vendeurs;RedScorpion;Drana, la dernière chef de sang;Renaissance de Zendikar;NM;en;no;;1;3,25;3,25;4,10;99,90
max_3_vendeurs;RedScorpion;Drana, la dernière chef de sang;Renaissance de Zendikar;NM;en;no;;1;3,35;3,35;4,10;99,90
max_3_vendeurs;RedScorpion;Décomposition abrupte;Retour à Ravnica;EX;fr;no;;1;2,45;2,45;4,10;99,90
max_3_vendeurs;RedScorpion;Décomposition abrupte;Dernières nouvelles;NM;fr;no;;1;2,25;2,25;4,10;99,90
max_3_vendeurs;RedScorpion;Décomposition abrupte;Dernières nouvelles;NM;en;no;;1;2,45;2,45;4,10;99,90
max_3_vendeurs;RedScorpion;Décomposition abrupte;Dernières nouvelles;NM;fr;no;;1;2,55;2,55;4,10;99,90
max_3_vendeurs;RedScorpion;Délivrance du druide;Modern Masters 2017;NM;en;no;;1;0,30;0,30;4,10;99,90
max_3_vendeurs;RedScorpion;Grizzlis;Neuvième Edition;LP;fr;no;;1;0,18;0,18;4,10;99,90
max_3_vendeurs;RedScorpion;Pampa jumbo;FINAL FANTASY;NM;en;no;;1;3,35;3,35;4,10;99,90
max_3_vendeurs;RedScorpion;Pampa jumbo;FINAL FANTASY;NM;en;no;;1;3,15;3,15;4,10;99,90
max_3_vendeurs;RedScorpion;Pampa jumbo;FINAL FANTASY;NM;fr;no;;1;3,45;3,45;4,10;99,90
max_3_vendeurs;RedScorpion;Pampa jumbo;FINAL FANTASY;NM;fr;no;;1;3,33;3,33;4,10;99,90
max_3_vendeurs;RedScorpion;Paroles de sauvagerie;Carnage;EX;fr;no;;1;2,95;2,95;4,10;99,90
max_3_vendeurs;RedScorpion;Paroles de sauvagerie;Carnage;EX;fr;no;;1;2,50;2,50;4,10;99,90
max_3_vendeurs;RedScorpion;Pèlerinage de Plongeracine;Les cavernes oubliées d'Ixalan;NM;en;no;;1;2,75;2,75;4,10;99,90
max_3_vendeurs;RedScorpion;Pèlerinage de Plongeracine;Les cavernes oubliées d'Ixalan;NM;en;no;;1;2,45;2,45;4,10;99,90
max_3_vendeurs;RedScorpion;Pèlerinage de Plongeracine;Les cavernes oubliées d'Ixalan;NM;fr;no;;1;2,55;2,55;4,10;99,90
max_3_vendeurs;RedScorpion;Pèlerinage de Plongeracine;Les cavernes oubliées d'Ixalan;NM;en;no;;1;2,75;2,75;4,10;99,90
max_3_vendeurs;RedScorpion;Retour au pays;Commander: Innistrad : chasse de minuit;NM;fr;no;;1;1,95;1,95;4,10;99,90
max_3_vendeurs;RedScorpion;Retour au pays;Commander: Innistrad : noce écarlate;NM;en;no;;1;2,20;2,20;4,10;99,90
max_3_vendeurs;RedScorpion;Rythme de la nature;Tarkir: la tempête des dragons;NM;fr;no;;3;5,85;17,55;4,10;99,90
max_3_vendeurs;RedScorpion;Rythme de la nature;Tarkir: la tempête des dragons;NM;en;no;;1;5,99;5,99;4,10;99,90
max_3_vendeurs;RedScorpion;Tueur de géant // Petit bois;Throne of Eldraine: Extras;NM;fr;no;;1;0,85;0,85;4,10;99,90
max_3_vendeurs;RedScorpion;Vengeance grandissante;Obscure Ascension;EX;fr;no;;1;1,65;1,65;4,10;99,90
max_3_vendeurs;RedScorpion;Vengeance grandissante;Obscure Ascension;NM;en;no;;1;1,90;1,90;4,10;99,90
max_3_vendeurs;RedScorpion;Vengeance grandissante;Commander 2019;NM;en;no;;1;1,75;1,75;4,10;99,90
max_3_vendeurs;RedScorpion;Vengeance grandissante;Commander 2019;NM;en;no;;1;1,70;1,70;4,10;99,90
max_3_vendeurs;RedScorpion;Éveilleur sangfoudre;Édition de base 2020;EX;fr;no;;1;1,00;1,00;4,10;99,90
max_3_vendeurs;RedScorpion;Éveilleur sangfoudre;Édition de base 2020;EX;en;no;;1;1,05;1,05;4,10;99,90
max_3_vendeurs;RedScorpion;Éveilleur sangfoudre;Édition de base 2020;EX;fr;no;;1;1,10;1,10;4,10;99,90
max_5_vendeurs;Boutique-TCG;Aperçu de l'impossible;Horizons du Modern 3;NM;en;no;;1;0,26;0,26;4,10;39,43
max_5_vendeurs;Boutique-TCG;Charme de Flestrefleur;Les Secrets de Strixhaven;NM;en;no;;4;0,36;1,44;4,10;39,43
max_5_vendeurs;Boutique-TCG;Chêne de course;Horizons du Modern 2;NM;en;no;;2;1,47;2,94;4,10;39,43
max_5_vendeurs;Boutique-TCG;Couvécaille indolent;Horizons du Modern 3;NM;en;no;;2;0,26;0,52;4,10;39,43
max_5_vendeurs;Boutique-TCG;Double fournaise;Jumpstart Fondations;NM;en;no;;1;0,26;0,26;4,10;39,43
max_5_vendeurs;Boutique-TCG;Dragon rouge;Forgotten Realms: Aventures dans les Royaumes Oubliés: Extras;NM;en;no;;3;0,46;1,38;4,10;39,43
max_5_vendeurs;Boutique-TCG;Empereur Mihail;Commander: Dominaria Uni: Extras;NM;en;yes;;2;1,48;2,96;4,10;39,43
max_5_vendeurs;Boutique-TCG;Exhibition de servos;Kaladesh;NM;en;no;;2;0,26;0,52;4,10;39,43
max_5_vendeurs;Boutique-TCG;Ferre-marée de Tishana;Les cavernes oubliées d'Ixalan: Extras;NM;en;no;5,00;2;4,86;9,72;4,10;39,43
max_5_vendeurs;Boutique-TCG;Haldir, lieutenant de la Lórien;Commander: Le Seigneur des Anneaux : chroniques de la Terre du Milieu;NM;en;no;;2;0,36;0,72;4,10;39,43
max_5_vendeurs;Boutique-TCG;Jiang Yanggu, façonneur de la forêt;La guerre des Planeswalkers;NM;en;no;;2;0,26;0,52;4,10;39,43
max_5_vendeurs;Boutique-TCG;Lumière de Lèveciel;Lorwyn éclipsé;NM;en;no;3,00;3;2,49;7,47;4,10;39,43
max_5_vendeurs;Boutique-TCG;Relai zingant;Horizons du Modern 2;NM;en;no;;3;0,18;0,54;4,10;39,43
max_5_vendeurs;Boutique-TCG;Renégat de Narnam;La révolte éthérique;NM;en;no;;2;0,46;0,92;4,10;39,43
max_5_vendeurs;Boutique-TCG;Renégat de Narnam;La révolte éthérique;EX;en;no;;1;0,36;0,36;4,10;39,43
max_5_vendeurs;Boutique-TCG;Sinister Gnarlbark;Commander: Lorwyn éclipsé;NM;en;no;;4;0,76;3,04;4,10;39,43
max_5_vendeurs;Boutique-TCG;Slinza, la ruée piquante;Jumpstart Fondations;NM;en;no;;2;0,46;0,92;4,10;39,43
max_5_vendeurs;Boutique-TCG;Vétéran de la volée;Jumpstart Fondations;NM;en;no;;1;0,18;0,18;4,10;39,43
max_5_vendeurs;Boutique-TCG;Éveilleur sangfoudre;Édition de base 2020;EX;en;no;;1;0,66;0,66;4,10;39,43
max_5_vendeurs;Cartapapa-GP;Amer calvaire;Vision de l'Avenir;EX;fr;no;;3;3,90;11,70;4,10;47,85
max_5_vendeurs;Cartapapa-GP;Amer calvaire;Vision de l'Avenir;GD;fr;no;;1;3,50;3,50;4,10;47,85
max_5_vendeurs;Cartapapa-GP;Anarchomancien gobelin (V.1);Horizons du Modern 2: Extras;NM;en;no;;4;0,50;2,00;4,10;47,85
max_5_vendeurs;Cartapapa-GP;Argoth, sanctuaire de la nature // Titania, Gaia incarnée;La Guerre Fratricide;NM;en;no;;1;1,99;1,99;4,10;47,85
max_5_vendeurs;Cartapapa-GP;Capitaine de la milice de Hanweir // Chef de culte du Val d'Orient;Ténèbres sur Innistrad;EX;en;no;;4;0,99;3,96;4,10;47,85
max_5_vendeurs;Cartapapa-GP;Chêne de course;Horizons du Modern 2;NM;en;no;;2;1,50;3,00;4,10;47,85
max_5_vendeurs;Cartapapa-GP;Communion avec les dieux;Eternal Masters;NM;en;no;;4;0,30;1,20;4,10;47,85
max_5_vendeurs;Cartapapa-GP;Conte-destin de Thraben;Commander: Ikoria;NM;en;no;;2;0,20;0,40;4,10;47,85
max_5_vendeurs;Cartapapa-GP;Délivrance du druide;Modern Masters 2017;NM;en;no;;3;0,20;0,60;4,10;47,85
max_5_vendeurs;Cartapapa-GP;Exhibition de servos;Kaladesh;EX;en;no;;2;0,20;0,40;4,10;47,85
max_5_vendeurs;Cartapapa-GP;Faire fortune;Horizons du Modern 2;NM;en;no;;4;1,50;6,00;4,10;47,85
max_5_vendeurs;Cartapapa-GP;Ralliement des ancêtres;Destin reforgé;EX;en;no;;2;0,90;1,80;4,10;47,85
max_5_vendeurs;Cartapapa-GP;Reflet mystique;Kaldheim;NM;fr;no;;4;1,50;6,00;4,10;47,85
max_5_vendeurs;Cartapapa-GP;Témoin au rabais;Les Guildes de Ravnica;NM;en;no;;4;0,30;1,20;4,10;47,85
max_5_vendeurs;FMR-cards;Ancêtre gargaroth;Commander: Aetherdrift;NM;en;no;2,60;4;1,99;7,96;6,50;91,30
max_5_vendeurs;FMR-cards;Avidité sournoise;Meurtres au manoir Karlov;NM;en;no;;4;0,17;0,68;6,50;91,30
max_5_vendeurs;FMR-cards;Bosquet gorgé d'eau;Univers infinis: Doctor Who;NM;en;no;1,00;3;0,42;1,26;6,50;91,30
max_5_vendeurs;FMR-cards;Bête de Quête;Mystery Booster 2: Reprints from Across Magic's History;NM;en;no;4,00;4;3,07;12,28;6,50;91,30
max_5_vendeurs;FMR-cards;Compagnie rassemblée;Mystery Booster 2;NM;en;no;;8;1,99;15,92;6,50;91,30
max_5_vendeurs;FMR-cards;Décomposition abrupte;Mystery Booster 2;NM;en;no;;4;1,75;7,00;6,50;91,30
max_5_vendeurs;FMR-cards;Grizzlis;Revised;EX;en;no;;1;0,10;0,10;6,50;91,30
max_5_vendeurs;FMR-cards;Haldir, lieutenant de la Lórien;Commander: Le Seigneur des Anneaux : chroniques de la Terre du Milieu;NM;en;no;;2;0,15;0,30;6,50;91,30
max_5_vendeurs;FMR-cards;Kiora, mandeuse de béhémoth;Mystery Booster 2: Reprints from Across Magic's History;NM;en;no;;2;1,03;2,06;6,50;91,30
max_5_vendeurs;FMR-cards;Mentor des humbles;Fondations de Magic: The Gathering: Collection de démarrage;NM;en;no;;4;0,15;0,60;6,50;91,30
max_5_vendeurs;FMR-cards;Pampa jumbo;FINAL FANTASY;NM;fr;no;;4;1,99;7,96;6,50;91,30
max_5_vendeurs;FMR-cards;Patricienne des Kalastria;Fondations de Magic: The Gathering: Collection de démarrage;NM;en;no;1,00;4;0,30;1,20;6,50;91,30
max_5_vendeurs;FMR-cards;Poussée fatale;Univers Infinis: Assassin's Creed;NM;en;no;1,00;3;0,99;2,97;6,50;91,30
max_5_vendeurs;FMR-cards;Regard sylvestre;Commander: Horizons du Modern 3;NM;en;no;;2;0,10;0,20;6,50;91,30
max_5_vendeurs;FMR-cards;Rythme de la nature;Tarkir: la tempête des dragons;NM;fr;no;;4;3,75;15,00;6,50;91,30
max_5_vendeurs;FMR-cards;Sage de l'évolution;Mystery Booster 2: Reprints from Across Magic's History;NM;en;no;;4;1,96;7,84;6,50;91,30
max_5_vendeurs;FMR-cards;Soulèvement de Garruk;Fondations de Magic: The Gathering;NM;en;no;;1;0,30;0,30;6,50;91,30
max_5_vendeurs;FMR-cards;Souveraine ondine;Commander: Les cavernes oubliées d'Ixalan;NM;en;no;;4;0,15;0,60;6,50;91,30
max_5_vendeurs;FMR-cards;Voyageur damné;Ravnica: Cluedo Edition;NM;en;no;;3;0,19;0,57;6,50;91,30
max_5_vendeurs;MagicoSphere;Champion de la voie;Lorwyn éclipsé;NM;fr;no;;4;0,50;2,00;4,10;28,14
max_5_vendeurs;MagicoSphere;Double fournaise;Dominaria Uni;NM;fr;no;;3;0,25;0,75;4,10;28,14
max_5_vendeurs;MagicoSphere;Empereur Mihail;Commander: Dominaria Uni: Extras;NM;en;no;;1;2,49;2,49;4,10;28,14
max_5_vendeurs;MagicoSphere;Jeter dans le feu;Le Seigneur des Anneaux : chroniques de la Terre du Milieu;NM;fr;no;0,50;4;0,45;1,80;4,10;28,14
max_5_vendeurs;MagicoSphere;Lande fétide;Commander: FINAL FANTASY;NM;en;no;;3;0,50;1,50;4,10;28,14
max_5_vendeurs;MagicoSphere;Lumière de Lèveciel;Lorwyn éclipsé;NM;fr;no;3,00;1;2,90;2,90;4,10;28,14
max_5_vendeurs;MagicoSphere;Pèlerinage de Plongeracine;Les cavernes oubliées d'Ixalan;NM;fr;no;;4;1,95;7,80;4,10;28,14
max_5_vendeurs;MagicoSphere;Retour au pays;Commander: Marvel Super Heroes;NM;fr;no;;2;1,75;3,50;4,10;28,14
max_5_vendeurs;MagicoSphere;Tribunal du Conclave;Commander: L'invasion des machines;NM;fr;no;;1;0,10;0,10;4,10;28,14
max_5_vendeurs;MagicoSphere;Vétéran de la volée;Édition de base 2019;NM;en;no;;1;0,20;0,20;4,10;28,14
max_5_vendeurs;MagicoSphere;Étincelles chorégraphiées;Les Secrets de Strixhaven;NM;fr;no;;4;0,25;1,00;4,10;28,14
max_5_vendeurs;RedScorpion;Argoth, sanctuaire de la nature // Titania, Gaia incarnée;La Guerre Fratricide;NM;en;no;;1;2,22;2,22;4,10;32,34
max_5_vendeurs;RedScorpion;Couvécaille indolent;Horizons du Modern 3;NM;fr;no;;1;0,38;0,38;4,10;32,34
max_5_vendeurs;RedScorpion;Double lancer;Édition de base 2019;NM;fr;no;;3;0,46;1,38;4,10;32,34
max_5_vendeurs;RedScorpion;Double lancer;Édition de base 2019;EX;en;no;;1;0,46;0,46;4,10;32,34
max_5_vendeurs;RedScorpion;Dragon rouge;Forgotten Realms: Aventures dans les Royaumes Oubliés;NM;fr;no;;1;0,45;0,45;4,10;32,34
max_5_vendeurs;RedScorpion;Drana, la dernière chef de sang;Renaissance de Zendikar;NM;en;no;;1;3,25;3,25;4,10;32,34
max_5_vendeurs;RedScorpion;Drana, la dernière chef de sang;Renaissance de Zendikar;NM;en;no;;1;3,35;3,35;4,10;32,34
max_5_vendeurs;RedScorpion;Délivrance du druide;Modern Masters 2017;NM;en;no;;1;0,30;0,30;4,10;32,34
max_5_vendeurs;RedScorpion;Paroles de sauvagerie;Carnage;EX;fr;no;;1;2,95;2,95;4,10;32,34
max_5_vendeurs;RedScorpion;Paroles de sauvagerie;Carnage;EX;fr;no;;1;2,50;2,50;4,10;32,34
max_5_vendeurs;RedScorpion;Tueur de géant // Petit bois;Throne of Eldraine: Extras;NM;fr;no;;1;0,85;0,85;4,10;32,34
max_5_vendeurs;RedScorpion;Vengeance grandissante;Obscure Ascension;EX;fr;no;;1;1,65;1,65;4,10;32,34
max_5_vendeurs;RedScorpion;Vengeance grandissante;Obscure Ascension;NM;en;no;;1;1,90;1,90;4,10;32,34
max_5_vendeurs;RedScorpion;Vengeance grandissante;Commander 2019;NM;en;no;;1;1,75;1,75;4,10;32,34
max_5_vendeurs;RedScorpion;Vengeance grandissante;Commander 2019;NM;en;no;;1;1,70;1,70;4,10;32,34
max_5_vendeurs;RedScorpion;Éveilleur sangfoudre;Édition de base 2020;EX;fr;no;;1;1,00;1,00;4,10;32,34
max_5_vendeurs;RedScorpion;Éveilleur sangfoudre;Édition de base 2020;EX;en;no;;1;1,05;1,05;4,10;32,34
max_5_vendeurs;RedScorpion;Éveilleur sangfoudre;Édition de base 2020;EX;fr;no;;1;1,10;1,10;4,10;32,34
max_6_vendeurs;Boutique-TCG;Aperçu de l'impossible;Horizons du Modern 3;NM;en;no;;1;0,26;0,26;4,10;29,41
max_6_vendeurs;Boutique-TCG;Charme de Flestrefleur;Les Secrets de Strixhaven;NM;en;no;;4;0,36;1,44;4,10;29,41
max_6_vendeurs;Boutique-TCG;Chêne de course;Horizons du Modern 2;NM;en;no;;2;1,47;2,94;4,10;29,41
max_6_vendeurs;Boutique-TCG;Couvécaille indolent;Horizons du Modern 3;NM;en;no;;3;0,26;0,78;4,10;29,41
max_6_vendeurs;Boutique-TCG;Double fournaise;Jumpstart Fondations;NM;en;no;;1;0,26;0,26;4,10;29,41
max_6_vendeurs;Boutique-TCG;Double lancer;Édition de base 2019;NM;en;no;;4;0,36;1,44;4,10;29,41
max_6_vendeurs;Boutique-TCG;Dragon rouge;Forgotten Realms: Aventures dans les Royaumes Oubliés: Extras;NM;en;no;;3;0,46;1,38;4,10;29,41
max_6_vendeurs;Boutique-TCG;Empereur Mihail;Commander: Dominaria Uni: Extras;NM;en;yes;;1;1,48;1,48;4,10;29,41
max_6_vendeurs;Boutique-TCG;Haldir, lieutenant de la Lórien;Commander: Le Seigneur des Anneaux : chroniques de la Terre du Milieu;NM;en;no;;2;0,36;0,72;4,10;29,41
max_6_vendeurs;Boutique-TCG;Jiang Yanggu, façonneur de la forêt;La guerre des Planeswalkers;NM;en;no;;2;0,26;0,52;4,10;29,41
max_6_vendeurs;Boutique-TCG;Lumière de Lèveciel;Lorwyn éclipsé;NM;en;no;3,00;3;2,49;7,47;4,10;29,41
max_6_vendeurs;Boutique-TCG;Relai zingant;Horizons du Modern 2;NM;en;no;;3;0,18;0,54;4,10;29,41
max_6_vendeurs;Boutique-TCG;Renégat de Narnam;La révolte éthérique;NM;en;no;;2;0,46;0,92;4,10;29,41
max_6_vendeurs;Boutique-TCG;Renégat de Narnam;La révolte éthérique;EX;en;no;;1;0,36;0,36;4,10;29,41
max_6_vendeurs;Boutique-TCG;Sinister Gnarlbark;Commander: Lorwyn éclipsé;NM;en;no;;4;0,76;3,04;4,10;29,41
max_6_vendeurs;Boutique-TCG;Slinza, la ruée piquante;Jumpstart Fondations;NM;en;no;;2;0,46;0,92;4,10;29,41
max_6_vendeurs;Boutique-TCG;Vétéran de la volée;Jumpstart Fondations;NM;en;no;;1;0,18;0,18;4,10;29,41
max_6_vendeurs;Boutique-TCG;Éveilleur sangfoudre;Édition de base 2020;EX;en;no;;1;0,66;0,66;4,10;29,41
max_6_vendeurs;Cartapapa-GP;Amer calvaire;Vision de l'Avenir;EX;fr;no;;3;3,90;11,70;4,10;43,20
max_6_vendeurs;Cartapapa-GP;Amer calvaire;Vision de l'Avenir;GD;fr;no;;1;3,50;3,50;4,10;43,20
max_6_vendeurs;Cartapapa-GP;Anarchomancien gobelin (V.1);Horizons du Modern 2: Extras;NM;en;no;;4;0,50;2,00;4,10;43,20
max_6_vendeurs;Cartapapa-GP;Argoth, sanctuaire de la nature // Titania, Gaia incarnée;La Guerre Fratricide;NM;en;no;;1;1,99;1,99;4,10;43,20
max_6_vendeurs;Cartapapa-GP;Capitaine de la milice de Hanweir // Chef de culte du Val d'Orient;Ténèbres sur Innistrad;EX;en;no;;4;0,99;3,96;4,10;43,20
max_6_vendeurs;Cartapapa-GP;Chêne de course;Horizons du Modern 2;NM;en;no;;2;1,50;3,00;4,10;43,20
max_6_vendeurs;Cartapapa-GP;Communion avec les dieux;Eternal Masters;NM;en;no;;4;0,30;1,20;4,10;43,20
max_6_vendeurs;Cartapapa-GP;Conte-destin de Thraben;Commander: Ikoria;NM;en;no;;2;0,20;0,40;4,10;43,20
max_6_vendeurs;Cartapapa-GP;Délivrance du druide;Modern Masters 2017;NM;en;no;;4;0,20;0,80;4,10;43,20
max_6_vendeurs;Cartapapa-GP;Exhibition de servos;Kaladesh;EX;en;no;;4;0,20;0,80;4,10;43,20
max_6_vendeurs;Cartapapa-GP;Ralliement des ancêtres;Destin reforgé;EX;en;no;;2;0,90;1,80;4,10;43,20
max_6_vendeurs;Cartapapa-GP;Reflet mystique;Kaldheim;NM;fr;no;;4;1,50;6,00;4,10;43,20
max_6_vendeurs;Cartapapa-GP;Tueur de géant // Petit bois;Throne of Eldraine: Extras;NM;en;no;;1;0,75;0,75;4,10;43,20
max_6_vendeurs;Cartapapa-GP;Témoin au rabais;Les Guildes de Ravnica;NM;en;no;;4;0,30;1,20;4,10;43,20
max_6_vendeurs;EUREKA-FR;Bête de Quête (V.2);Throne of Eldraine: Promos;EX;fr;no;4,00;1;2,99;2,99;4,10;29,20
max_6_vendeurs;EUREKA-FR;Commandement de Titania;La Guerre Fratricide;NM;fr;no;;1;0,88;0,88;4,10;29,20
max_6_vendeurs;EUREKA-FR;Commandement de Titania (V.2);La Guerre Fratricide: Promos;EX;fr;no;;1;0,88;0,88;4,10;29,20
max_6_vendeurs;EUREKA-FR;Décomposition abrupte;Dernières nouvelles;NM;fr;no;;1;1,22;1,22;4,10;29,20
max_6_vendeurs;EUREKA-FR;Empereur Mihail;Commander: Dominaria Uni: Extras;NM;fr;yes;;2;0,99;1,98;4,10;29,20
max_6_vendeurs;EUREKA-FR;Faire fortune;Horizons du Modern 2;EX;fr;no;;4;0,88;3,52;4,10;29,20
max_6_vendeurs;EUREKA-FR;Ferre-marée de Tishana;Les cavernes oubliées d'Ixalan: Extras;NM;fr;no;5,00;2;4,50;9,00;4,10;29,20
max_6_vendeurs;EUREKA-FR;Kiora, mandeuse de béhémoth;La guerre des Planeswalkers;EX;en;no;;2;0,88;1,76;4,10;29,20
max_6_vendeurs;EUREKA-FR;Prêtresse de putréfaction vénérée;Tous Phyrexians;NM;en;no;2,60;1;1,88;1,88;4,10;29,20
max_6_vendeurs;EUREKA-FR;Retour au pays;Duel Decks: Elspeth vs. Tezzeret;EX;fr;no;;1;0,99;0,99;4,10;29,20
max_6_vendeurs;FMR-cards;Ancêtre gargaroth;Commander: Aetherdrift;NM;en;no;2,60;4;1,99;7,96;6,50;84,42
max_6_vendeurs;FMR-cards;Avidité sournoise;Meurtres au manoir Karlov;NM;en;no;;4;0,17;0,68;6,50;84,42
max_6_vendeurs;FMR-cards;Bosquet gorgé d'eau;Univers infinis: Doctor Who;NM;en;no;1,00;3;0,42;1,26;6,50;84,42
max_6_vendeurs;FMR-cards;Bête de Quête;Mystery Booster 2: Reprints from Across Magic's History;NM;en;no;4,00;3;3,07;9,21;6,50;84,42
max_6_vendeurs;FMR-cards;Compagnie rassemblée;Mystery Booster 2;NM;en;no;;8;1,99;15,92;6,50;84,42
max_6_vendeurs;FMR-cards;Décomposition abrupte;Mystery Booster 2;NM;en;no;;3;1,75;5,25;6,50;84,42
max_6_vendeurs;FMR-cards;Grizzlis;Revised;EX;en;no;;1;0,10;0,10;6,50;84,42
max_6_vendeurs;FMR-cards;Haldir, lieutenant de la Lórien;Commander: Le Seigneur des Anneaux : chroniques de la Terre du Milieu;NM;en;no;;2;0,15;0,30;6,50;84,42
max_6_vendeurs;FMR-cards;Mentor des humbles;Fondations de Magic: The Gathering: Collection de démarrage;NM;en;no;;4;0,15;0,60;6,50;84,42
max_6_vendeurs;FMR-cards;Pampa jumbo;FINAL FANTASY;NM;fr;no;;4;1,99;7,96;6,50;84,42
max_6_vendeurs;FMR-cards;Patricienne des Kalastria;Fondations de Magic: The Gathering: Collection de démarrage;NM;en;no;1,00;4;0,30;1,20;6,50;84,42
max_6_vendeurs;FMR-cards;Poussée fatale;Univers Infinis: Assassin's Creed;NM;en;no;1,00;3;0,99;2,97;6,50;84,42
max_6_vendeurs;FMR-cards;Regard sylvestre;Commander: Horizons du Modern 3;NM;en;no;;2;0,10;0,20;6,50;84,42
max_6_vendeurs;FMR-cards;Rythme de la nature;Tarkir: la tempête des dragons;NM;fr;no;;4;3,75;15,00;6,50;84,42
max_6_vendeurs;FMR-cards;Sage de l'évolution;Mystery Booster 2: Reprints from Across Magic's History;NM;en;no;;4;1,96;7,84;6,50;84,42
max_6_vendeurs;FMR-cards;Soulèvement de Garruk;Fondations de Magic: The Gathering;NM;en;no;;1;0,30;0,30;6,50;84,42
max_6_vendeurs;FMR-cards;Souveraine ondine;Commander: Les cavernes oubliées d'Ixalan;NM;en;no;;4;0,15;0,60;6,50;84,42
max_6_vendeurs;FMR-cards;Voyageur damné;Ravnica: Cluedo Edition;NM;en;no;;3;0,19;0,57;6,50;84,42
max_6_vendeurs;MagicoSphere;Champion de la voie;Lorwyn éclipsé;NM;fr;no;;4;0,50;2,00;4,10;23,90
max_6_vendeurs;MagicoSphere;Double fournaise;Dominaria Uni;NM;fr;no;;3;0,25;0,75;4,10;23,90
max_6_vendeurs;MagicoSphere;Jeter dans le feu;Le Seigneur des Anneaux : chroniques de la Terre du Milieu;NM;fr;no;0,50;4;0,45;1,80;4,10;23,90
max_6_vendeurs;MagicoSphere;Lande fétide;Commander: FINAL FANTASY;NM;en;no;;3;0,50;1,50;4,10;23,90
max_6_vendeurs;MagicoSphere;Lumière de Lèveciel;Lorwyn éclipsé;NM;fr;no;3,00;1;2,90;2,90;4,10;23,90
max_6_vendeurs;MagicoSphere;Pèlerinage de Plongeracine;Les cavernes oubliées d'Ixalan;NM;fr;no;;4;1,95;7,80;4,10;23,90
max_6_vendeurs;MagicoSphere;Retour au pays;Commander: Marvel Super Heroes;NM;fr;no;;1;1,75;1,75;4,10;23,90
max_6_vendeurs;MagicoSphere;Tribunal du Conclave;Commander: L'invasion des machines;NM;fr;no;;1;0,10;0,10;4,10;23,90
max_6_vendeurs;MagicoSphere;Vétéran de la volée;Édition de base 2019;NM;en;no;;1;0,20;0,20;4,10;23,90
max_6_vendeurs;MagicoSphere;Étincelles chorégraphiées;Les Secrets de Strixhaven;NM;fr;no;;4;0,25;1,00;4,10;23,90
max_6_vendeurs;RedScorpion;Argoth, sanctuaire de la nature // Titania, Gaia incarnée;La Guerre Fratricide;NM;en;no;;1;2,22;2,22;4,10;28,97
max_6_vendeurs;RedScorpion;Dragon rouge;Forgotten Realms: Aventures dans les Royaumes Oubliés;NM;fr;no;;1;0,45;0,45;4,10;28,97
max_6_vendeurs;RedScorpion;Drana, la dernière chef de sang;Renaissance de Zendikar;NM;en;no;;1;3,25;3,25;4,10;28,97
max_6_vendeurs;RedScorpion;Drana, la dernière chef de sang;Renaissance de Zendikar;NM;en;no;;1;3,35;3,35;4,10;28,97
max_6_vendeurs;RedScorpion;Paroles de sauvagerie;Carnage;EX;fr;no;;1;2,95;2,95;4,10;28,97
max_6_vendeurs;RedScorpion;Paroles de sauvagerie;Carnage;EX;fr;no;;1;2,50;2,50;4,10;28,97
max_6_vendeurs;RedScorpion;Vengeance grandissante;Obscure Ascension;EX;fr;no;;1;1,65;1,65;4,10;28,97
max_6_vendeurs;RedScorpion;Vengeance grandissante;Obscure Ascension;NM;en;no;;1;1,90;1,90;4,10;28,97
max_6_vendeurs;RedScorpion;Vengeance grandissante;Commander 2019;NM;en;no;;1;1,75;1,75;4,10;28,97
max_6_vendeurs;RedScorpion;Vengeance grandissante;Commander 2019;NM;en;no;;1;1,70;1,70;4,10;28,97
max_6_vendeurs;RedScorpion;Éveilleur sangfoudre;Édition de base 2020;EX;fr;no;;1;1,00;1,00;4,10;28,97
max_6_vendeurs;RedScorpion;Éveilleur sangfoudre;Édition de base 2020;EX;en;no;;1;1,05;1,05;4,10;28,97
max_6_vendeurs;RedScorpion;Éveilleur sangfoudre;Édition de base 2020;EX;fr;no;;1;1,10;1,10;4,10;28,97
max_7_vendeurs;Boutique-TCG;Ancêtre gargaroth;Commander: Aetherdrift;NM;en;no;2,60;4;2,07;8,28;4,10;33,51
max_7_vendeurs;Boutique-TCG;Avidité sournoise;Meurtres au manoir Karlov: Extras;NM;en;no;;4;0,18;0,72;4,10;33,51
max_7_vendeurs;Boutique-TCG;Bosquet gorgé d'eau;Univers infinis: Doctor Who;NM;en;no;1,00;3;0,46;1,38;4,10;33,51
max_7_vendeurs;Boutique-TCG;Charme de Flestrefleur;Les Secrets de Strixhaven;NM;en;no;;4;0,36;1,44;4,10;33,51
max_7_vendeurs;Boutique-TCG;Double fournaise;Jumpstart Fondations;NM;en;no;;1;0,26;0,26;4,10;33,51
max_7_vendeurs;Boutique-TCG;Dragon rouge;Forgotten Realms: Aventures dans les Royaumes Oubliés: Extras;NM;en;no;;4;0,46;1,84;4,10;33,51
max_7_vendeurs;Boutique-TCG;Empereur Mihail;Commander: Dominaria Uni: Extras;NM;en;yes;;1;1,48;1,48;4,10;33,51
max_7_vendeurs;Boutique-TCG;Exhibition de servos;Kaladesh;NM;en;no;;4;0,26;1,04;4,10;33,51
max_7_vendeurs;Boutique-TCG;Haldir, lieutenant de la Lórien;Commander: Le Seigneur des Anneaux : chroniques de la Terre du Milieu;NM;en;no;;2;0,36;0,72;4,10;33,51
max_7_vendeurs;Boutique-TCG;Lumière de Lèveciel;Lorwyn éclipsé;NM;en;no;3,00;3;2,49;7,47;4,10;33,51
max_7_vendeurs;Boutique-TCG;Patricienne des Kalastria;Fondations de Magic: The Gathering: Collection de démarrage;NM;en;no;1,00;1;0,46;0,46;4,10;33,51
max_7_vendeurs;Boutique-TCG;Sinister Gnarlbark;Commander: Lorwyn éclipsé;NM;en;no;;4;0,76;3,04;4,10;33,51
max_7_vendeurs;Boutique-TCG;Slinza, la ruée piquante;Jumpstart Fondations;NM;en;no;;2;0,46;0,92;4,10;33,51
max_7_vendeurs;Boutique-TCG;Vétéran de la volée;Jumpstart Fondations;NM;en;no;;2;0,18;0,36;4,10;33,51
max_7_vendeurs;EUREKA-FR;Bête de Quête (V.2);Throne of Eldraine: Promos;EX;fr;no;4,00;1;2,99;2,99;4,10;29,20
max_7_vendeurs;EUREKA-FR;Commandement de Titania;La Guerre Fratricide;NM;fr;no;;1;0,88;0,88;4,10;29,20
max_7_vendeurs;EUREKA-FR;Commandement de Titania (V.2);La Guerre Fratricide: Promos;EX;fr;no;;1;0,88;0,88;4,10;29,20
max_7_vendeurs;EUREKA-FR;Décomposition abrupte;Dernières nouvelles;NM;fr;no;;1;1,22;1,22;4,10;29,20
max_7_vendeurs;EUREKA-FR;Empereur Mihail;Commander: Dominaria Uni: Extras;NM;fr;yes;;2;0,99;1,98;4,10;29,20
max_7_vendeurs;EUREKA-FR;Faire fortune;Horizons du Modern 2;EX;fr;no;;4;0,88;3,52;4,10;29,20
max_7_vendeurs;EUREKA-FR;Ferre-marée de Tishana;Les cavernes oubliées d'Ixalan: Extras;NM;fr;no;5,00;2;4,50;9,00;4,10;29,20
max_7_vendeurs;EUREKA-FR;Kiora, mandeuse de béhémoth;La guerre des Planeswalkers;EX;en;no;;2;0,88;1,76;4,10;29,20
max_7_vendeurs;EUREKA-FR;Prêtresse de putréfaction vénérée;Tous Phyrexians;NM;en;no;2,60;1;1,88;1,88;4,10;29,20
max_7_vendeurs;EUREKA-FR;Retour au pays;Duel Decks: Elspeth vs. Tezzeret;EX;fr;no;;1;0,99;0,99;4,10;29,20
max_7_vendeurs;FMR-cards;Bête de Quête;Mystery Booster 2: Reprints from Across Magic's History;NM;en;no;4,00;3;3,07;9,21;4,10;70,25
max_7_vendeurs;FMR-cards;Compagnie rassemblée;Mystery Booster 2;NM;en;no;;8;1,99;15,92;4,10;70,25
max_7_vendeurs;FMR-cards;Décomposition abrupte;Mystery Booster 2;NM;en;no;;3;1,75;5,25;4,10;70,25
max_7_vendeurs;FMR-cards;Haldir, lieutenant de la Lórien;Commander: Le Seigneur des Anneaux : chroniques de la Terre du Milieu;NM;en;no;;2;0,15;0,30;4,10;70,25
max_7_vendeurs;FMR-cards;Pampa jumbo;FINAL FANTASY;NM;fr;no;;4;1,99;7,96;4,10;70,25
max_7_vendeurs;FMR-cards;Patricienne des Kalastria;Fondations de Magic: The Gathering: Collection de démarrage;NM;en;no;1,00;3;0,30;0,90;4,10;70,25
max_7_vendeurs;FMR-cards;Poussée fatale;Univers Infinis: Assassin's Creed;NM;en;no;1,00;3;0,99;2,97;4,10;70,25
max_7_vendeurs;FMR-cards;Regard sylvestre;Commander: Horizons du Modern 3;NM;en;no;;2;0,10;0,20;4,10;70,25
max_7_vendeurs;FMR-cards;Rythme de la nature;Tarkir: la tempête des dragons;NM;fr;no;;4;3,75;15,00;4,10;70,25
max_7_vendeurs;FMR-cards;Sage de l'évolution;Mystery Booster 2: Reprints from Across Magic's History;NM;en;no;;4;1,96;7,84;4,10;70,25
max_7_vendeurs;FMR-cards;Souveraine ondine;Commander: Les cavernes oubliées d'Ixalan;NM;en;no;;4;0,15;0,60;4,10;70,25
max_7_vendeurs;MagicAtHome;Amer calvaire;Vision de l'Avenir;GD;fr;no;;2;3,00;6,00;4,10;22,60
max_7_vendeurs;MagicAtHome;Argoth, sanctuaire de la nature // Titania, Gaia incarnée;La Guerre Fratricide;EX;en;no;;1;1,20;1,20;4,10;22,60
max_7_vendeurs;MagicAtHome;Conte-destin de Thraben;Commander: Ikoria;NM;en;no;;2;0,20;0,40;4,10;22,60
max_7_vendeurs;MagicAtHome;Drana, la dernière chef de sang;Renaissance de Zendikar;EX;en;no;;1;2,50;2,50;4,10;22,60
max_7_vendeurs;MagicAtHome;Mentor des humbles;Commander: Le Seigneur des Anneaux : chroniques de la Terre du Milieu;NM;en;no;;4;0,20;0,80;4,10;22,60
max_7_vendeurs;MagicAtHome;Pèlerinage de Plongeracine;Les cavernes oubliées d'Ixalan;NM;fr;no;;2;1,40;2,80;4,10;22,60
max_7_vendeurs;MagicAtHome;Reflet mystique;Kaldheim;NM;fr;no;;2;2,00;4,00;4,10;22,60
max_7_vendeurs;MagicAtHome;Témoin au rabais;Les Guildes de Ravnica;NM;en;no;;4;0,20;0,80;4,10;22,60
max_7_vendeurs;MagicoSphere;Amer calvaire;Vision de l'Avenir;EX;fr;no;;1;4,45;4,45;4,10;22,35
max_7_vendeurs;MagicoSphere;Champion de la voie;Lorwyn éclipsé;NM;fr;no;;3;0,50;1,50;4,10;22,35
max_7_vendeurs;MagicoSphere;Double fournaise;Dominaria Uni;NM;fr;no;;3;0,25;0,75;4,10;22,35
max_7_vendeurs;MagicoSphere;Jeter dans le feu;Le Seigneur des Anneaux : chroniques de la Terre du Milieu;NM;fr;no;0,50;4;0,45;1,80;4,10;22,35
max_7_vendeurs;MagicoSphere;Lande fétide;Commander: FINAL FANTASY;NM;en;no;;3;0,50;1,50;4,10;22,35
max_7_vendeurs;MagicoSphere;Lumière de Lèveciel;Lorwyn éclipsé;NM;fr;no;3,00;1;2,90;2,90;4,10;22,35
max_7_vendeurs;MagicoSphere;Pèlerinage de Plongeracine;Les cavernes oubliées d'Ixalan;NM;fr;no;;2;1,95;3,90;4,10;22,35
max_7_vendeurs;MagicoSphere;Soulèvement de Garruk;Commander: Lorwyn éclipsé;NM;fr;no;;1;0,35;0,35;4,10;22,35
max_7_vendeurs;MagicoSphere;Tribunal du Conclave;Commander: L'invasion des machines;NM;fr;no;;1;0,10;0,10;4,10;22,35
max_7_vendeurs;MagicoSphere;Étincelles chorégraphiées;Les Secrets de Strixhaven;NM;fr;no;;4;0,25;1,00;4,10;22,35
max_7_vendeurs;bradpitkeeper;Argoth, sanctuaire de la nature // Titania, Gaia incarnée;La Guerre Fratricide;NM;en;no;;1;1,45;1,45;4,10;29,35
max_7_vendeurs;bradpitkeeper;Capitaine de la milice de Hanweir // Chef de culte du Val d'Orient;Ténèbres sur Innistrad;NM;en;no;;4;0,95;3,80;4,10;29,35
max_7_vendeurs;bradpitkeeper;Champion de la voie;Lorwyn éclipsé;NM;en;no;;1;0,45;0,45;4,10;29,35
max_7_vendeurs;bradpitkeeper;Double lancer;Édition de base 2019;NM;fr;no;;4;0,30;1,20;4,10;29,35
max_7_vendeurs;bradpitkeeper;Drana, la dernière chef de sang;Renaissance de Zendikar;NM;en;no;;1;3,45;3,45;4,10;29,35
max_7_vendeurs;bradpitkeeper;Paroles de sauvagerie;Carnage;NM;en;no;;1;2,20;2,20;4,10;29,35
max_7_vendeurs;bradpitkeeper;Paroles de sauvagerie;Carnage;EX;fr;no;;1;1,95;1,95;4,10;29,35
max_7_vendeurs;bradpitkeeper;Ralliement des ancêtres;Destin reforgé;NM;fr;no;;1;0,60;0,60;4,10;29,35
max_7_vendeurs;bradpitkeeper;Ralliement des ancêtres;Destin reforgé;EX;fr;no;;1;0,45;0,45;4,10;29,35
max_7_vendeurs;bradpitkeeper;Reflet mystique;Kaldheim;NM;fr;no;;2;1,75;3,50;4,10;29,35
max_7_vendeurs;bradpitkeeper;Renégat de Narnam;La révolte éthérique;NM;en;no;;3;0,25;0,75;4,10;29,35
max_7_vendeurs;bradpitkeeper;Tueur de géant // Petit bois;Throne of Eldraine: Extras;NM;en;no;;1;0,45;0,45;4,10;29,35
max_7_vendeurs;bradpitkeeper;Vengeance grandissante;Obscure Ascension;NM;fr;no;;4;0,95;3,80;4,10;29,35
max_7_vendeurs;bradpitkeeper;Éveilleur sangfoudre;Édition de base 2020;NM;fr;no;;2;0,60;1,20;4,10;29,35
max_7_vendeurs;maglaf88;Amer calvaire;Vision de l'Avenir;GD;fr;no;;1;3,38;3,38;4,10;16,54
max_7_vendeurs;maglaf88;Anarchomancien gobelin;Horizons du Modern 2;EX;fr;no;;3;0,23;0,69;4,10;16,54
max_7_vendeurs;maglaf88;Anarchomancien gobelin (V.1);Horizons du Modern 2: Extras;EX;fr;no;;1;0,16;0,16;4,10;16,54
max_7_vendeurs;maglaf88;Aperçu de l'impossible;Horizons du Modern 3;EX;en;no;;1;0,12;0,12;4,10;16,54
max_7_vendeurs;maglaf88;Chêne de course;Horizons du Modern 2;EX;fr;no;;4;0,71;2,84;4,10;16,54
max_7_vendeurs;maglaf88;Communion avec les dieux;Eternal Masters;EX;en;no;;4;0,15;0,60;4,10;16,54
max_7_vendeurs;maglaf88;Couvécaille indolent;Horizons du Modern 3;EX;fr;no;;3;0,21;0,63;4,10;16,54
max_7_vendeurs;maglaf88;Délivrance du druide;Modern Masters 2017;EX;en;no;;4;0,15;0,60;4,10;16,54
max_7_vendeurs;maglaf88;Grizzlis;Septième Edition;LP;fr;no;;1;0,05;0,05;4,10;16,54
max_7_vendeurs;maglaf88;Jiang Yanggu, façonneur de la forêt;La guerre des Planeswalkers;EX;fr;no;;2;0,13;0,26;4,10;16,54
max_7_vendeurs;maglaf88;Messe noire;Ere Glaciaire;PL;fr;no;1,00;1;0,83;0,83;4,10;16,54
max_7_vendeurs;maglaf88;Relai zingant;Horizons du Modern 2;EX;en;no;;1;0,11;0,11;4,10;16,54
max_7_vendeurs;maglaf88;Relai zingant (V.1);Horizons du Modern 2: Extras;EX;fr;no;;2;0,13;0,26;4,10;16,54
max_7_vendeurs;maglaf88;Retour au pays;Dominaria Remastered;EX;fr;no;;1;1,00;1,00;4,10;16,54
max_7_vendeurs;maglaf88;Voyageur damné;Commander Legends;EX;fr;no;;3;0,09;0,27;4,10;16,54
max_7_vendeurs;maglaf88;Éveilleur sangfoudre;Édition de base 2020;EX;fr;no;;1;0,26;0,26;4,10;16,54
max_7_vendeurs;maglaf88;Éveilleur sangfoudre;Édition de base 2020;EX;en;no;;1;0,38;0,38;4,10;16,54
min_prix_min_vendeurs;Boutique-TCG;Ancêtre gargaroth;Commander: Aetherdrift;NM;en;no;2,60;4;2,07;8,28;4,10;33,51
min_prix_min_vendeurs;Boutique-TCG;Avidité sournoise;Meurtres au manoir Karlov: Extras;NM;en;no;;4;0,18;0,72;4,10;33,51
min_prix_min_vendeurs;Boutique-TCG;Bosquet gorgé d'eau;Univers infinis: Doctor Who;NM;en;no;1,00;3;0,46;1,38;4,10;33,51
min_prix_min_vendeurs;Boutique-TCG;Charme de Flestrefleur;Les Secrets de Strixhaven;NM;en;no;;4;0,36;1,44;4,10;33,51
min_prix_min_vendeurs;Boutique-TCG;Double fournaise;Jumpstart Fondations;NM;en;no;;1;0,26;0,26;4,10;33,51
min_prix_min_vendeurs;Boutique-TCG;Dragon rouge;Forgotten Realms: Aventures dans les Royaumes Oubliés: Extras;NM;en;no;;4;0,46;1,84;4,10;33,51
min_prix_min_vendeurs;Boutique-TCG;Empereur Mihail;Commander: Dominaria Uni: Extras;NM;en;yes;;1;1,48;1,48;4,10;33,51
min_prix_min_vendeurs;Boutique-TCG;Exhibition de servos;Kaladesh;NM;en;no;;4;0,26;1,04;4,10;33,51
min_prix_min_vendeurs;Boutique-TCG;Haldir, lieutenant de la Lórien;Commander: Le Seigneur des Anneaux : chroniques de la Terre du Milieu;NM;en;no;;2;0,36;0,72;4,10;33,51
min_prix_min_vendeurs;Boutique-TCG;Lumière de Lèveciel;Lorwyn éclipsé;NM;en;no;3,00;3;2,49;7,47;4,10;33,51
min_prix_min_vendeurs;Boutique-TCG;Patricienne des Kalastria;Fondations de Magic: The Gathering: Collection de démarrage;NM;en;no;1,00;1;0,46;0,46;4,10;33,51
min_prix_min_vendeurs;Boutique-TCG;Sinister Gnarlbark;Commander: Lorwyn éclipsé;NM;en;no;;4;0,76;3,04;4,10;33,51
min_prix_min_vendeurs;Boutique-TCG;Slinza, la ruée piquante;Jumpstart Fondations;NM;en;no;;2;0,46;0,92;4,10;33,51
min_prix_min_vendeurs;Boutique-TCG;Vétéran de la volée;Jumpstart Fondations;NM;en;no;;2;0,18;0,36;4,10;33,51
min_prix_min_vendeurs;EUREKA-FR;Bête de Quête (V.2);Throne of Eldraine: Promos;EX;fr;no;4,00;1;2,99;2,99;4,10;29,20
min_prix_min_vendeurs;EUREKA-FR;Commandement de Titania;La Guerre Fratricide;NM;fr;no;;1;0,88;0,88;4,10;29,20
min_prix_min_vendeurs;EUREKA-FR;Commandement de Titania (V.2);La Guerre Fratricide: Promos;EX;fr;no;;1;0,88;0,88;4,10;29,20
min_prix_min_vendeurs;EUREKA-FR;Décomposition abrupte;Dernières nouvelles;NM;fr;no;;1;1,22;1,22;4,10;29,20
min_prix_min_vendeurs;EUREKA-FR;Empereur Mihail;Commander: Dominaria Uni: Extras;NM;fr;yes;;2;0,99;1,98;4,10;29,20
min_prix_min_vendeurs;EUREKA-FR;Faire fortune;Horizons du Modern 2;EX;fr;no;;4;0,88;3,52;4,10;29,20
min_prix_min_vendeurs;EUREKA-FR;Ferre-marée de Tishana;Les cavernes oubliées d'Ixalan: Extras;NM;fr;no;5,00;2;4,50;9,00;4,10;29,20
min_prix_min_vendeurs;EUREKA-FR;Kiora, mandeuse de béhémoth;La guerre des Planeswalkers;EX;en;no;;2;0,88;1,76;4,10;29,20
min_prix_min_vendeurs;EUREKA-FR;Prêtresse de putréfaction vénérée;Tous Phyrexians;NM;en;no;2,60;1;1,88;1,88;4,10;29,20
min_prix_min_vendeurs;EUREKA-FR;Retour au pays;Duel Decks: Elspeth vs. Tezzeret;EX;fr;no;;1;0,99;0,99;4,10;29,20
min_prix_min_vendeurs;FMR-cards;Bête de Quête;Mystery Booster 2: Reprints from Across Magic's History;NM;en;no;4,00;3;3,07;9,21;4,10;70,25
min_prix_min_vendeurs;FMR-cards;Compagnie rassemblée;Mystery Booster 2;NM;en;no;;8;1,99;15,92;4,10;70,25
min_prix_min_vendeurs;FMR-cards;Décomposition abrupte;Mystery Booster 2;NM;en;no;;3;1,75;5,25;4,10;70,25
min_prix_min_vendeurs;FMR-cards;Haldir, lieutenant de la Lórien;Commander: Le Seigneur des Anneaux : chroniques de la Terre du Milieu;NM;en;no;;2;0,15;0,30;4,10;70,25
min_prix_min_vendeurs;FMR-cards;Pampa jumbo;FINAL FANTASY;NM;fr;no;;4;1,99;7,96;4,10;70,25
min_prix_min_vendeurs;FMR-cards;Patricienne des Kalastria;Fondations de Magic: The Gathering: Collection de démarrage;NM;en;no;1,00;3;0,30;0,90;4,10;70,25
min_prix_min_vendeurs;FMR-cards;Poussée fatale;Univers Infinis: Assassin's Creed;NM;en;no;1,00;3;0,99;2,97;4,10;70,25
min_prix_min_vendeurs;FMR-cards;Regard sylvestre;Commander: Horizons du Modern 3;NM;en;no;;2;0,10;0,20;4,10;70,25
min_prix_min_vendeurs;FMR-cards;Rythme de la nature;Tarkir: la tempête des dragons;NM;fr;no;;4;3,75;15,00;4,10;70,25
min_prix_min_vendeurs;FMR-cards;Sage de l'évolution;Mystery Booster 2: Reprints from Across Magic's History;NM;en;no;;4;1,96;7,84;4,10;70,25
min_prix_min_vendeurs;FMR-cards;Souveraine ondine;Commander: Les cavernes oubliées d'Ixalan;NM;en;no;;4;0,15;0,60;4,10;70,25
min_prix_min_vendeurs;MagicAtHome;Amer calvaire;Vision de l'Avenir;GD;fr;no;;2;3,00;6,00;4,10;22,60
min_prix_min_vendeurs;MagicAtHome;Argoth, sanctuaire de la nature // Titania, Gaia incarnée;La Guerre Fratricide;EX;en;no;;1;1,20;1,20;4,10;22,60
min_prix_min_vendeurs;MagicAtHome;Conte-destin de Thraben;Commander: Ikoria;NM;en;no;;2;0,20;0,40;4,10;22,60
min_prix_min_vendeurs;MagicAtHome;Drana, la dernière chef de sang;Renaissance de Zendikar;EX;en;no;;1;2,50;2,50;4,10;22,60
min_prix_min_vendeurs;MagicAtHome;Mentor des humbles;Commander: Le Seigneur des Anneaux : chroniques de la Terre du Milieu;NM;en;no;;4;0,20;0,80;4,10;22,60
min_prix_min_vendeurs;MagicAtHome;Pèlerinage de Plongeracine;Les cavernes oubliées d'Ixalan;NM;fr;no;;2;1,40;2,80;4,10;22,60
min_prix_min_vendeurs;MagicAtHome;Reflet mystique;Kaldheim;NM;fr;no;;2;2,00;4,00;4,10;22,60
min_prix_min_vendeurs;MagicAtHome;Témoin au rabais;Les Guildes de Ravnica;NM;en;no;;4;0,20;0,80;4,10;22,60
min_prix_min_vendeurs;MagicoSphere;Amer calvaire;Vision de l'Avenir;EX;fr;no;;1;4,45;4,45;4,10;22,35
min_prix_min_vendeurs;MagicoSphere;Champion de la voie;Lorwyn éclipsé;NM;fr;no;;3;0,50;1,50;4,10;22,35
min_prix_min_vendeurs;MagicoSphere;Double fournaise;Dominaria Uni;NM;fr;no;;3;0,25;0,75;4,10;22,35
min_prix_min_vendeurs;MagicoSphere;Jeter dans le feu;Le Seigneur des Anneaux : chroniques de la Terre du Milieu;NM;fr;no;0,50;4;0,45;1,80;4,10;22,35
min_prix_min_vendeurs;MagicoSphere;Lande fétide;Commander: FINAL FANTASY;NM;en;no;;3;0,50;1,50;4,10;22,35
min_prix_min_vendeurs;MagicoSphere;Lumière de Lèveciel;Lorwyn éclipsé;NM;fr;no;3,00;1;2,90;2,90;4,10;22,35
min_prix_min_vendeurs;MagicoSphere;Pèlerinage de Plongeracine;Les cavernes oubliées d'Ixalan;NM;fr;no;;2;1,95;3,90;4,10;22,35
min_prix_min_vendeurs;MagicoSphere;Soulèvement de Garruk;Commander: Lorwyn éclipsé;NM;fr;no;;1;0,35;0,35;4,10;22,35
min_prix_min_vendeurs;MagicoSphere;Tribunal du Conclave;Commander: L'invasion des machines;NM;fr;no;;1;0,10;0,10;4,10;22,35
min_prix_min_vendeurs;MagicoSphere;Étincelles chorégraphiées;Les Secrets de Strixhaven;NM;fr;no;;4;0,25;1,00;4,10;22,35
min_prix_min_vendeurs;bradpitkeeper;Argoth, sanctuaire de la nature // Titania, Gaia incarnée;La Guerre Fratricide;NM;en;no;;1;1,45;1,45;4,10;29,35
min_prix_min_vendeurs;bradpitkeeper;Capitaine de la milice de Hanweir // Chef de culte du Val d'Orient;Ténèbres sur Innistrad;NM;en;no;;4;0,95;3,80;4,10;29,35
min_prix_min_vendeurs;bradpitkeeper;Champion de la voie;Lorwyn éclipsé;NM;en;no;;1;0,45;0,45;4,10;29,35
min_prix_min_vendeurs;bradpitkeeper;Double lancer;Édition de base 2019;NM;fr;no;;4;0,30;1,20;4,10;29,35
min_prix_min_vendeurs;bradpitkeeper;Drana, la dernière chef de sang;Renaissance de Zendikar;NM;en;no;;1;3,45;3,45;4,10;29,35
min_prix_min_vendeurs;bradpitkeeper;Paroles de sauvagerie;Carnage;NM;en;no;;1;2,20;2,20;4,10;29,35
min_prix_min_vendeurs;bradpitkeeper;Paroles de sauvagerie;Carnage;EX;fr;no;;1;1,95;1,95;4,10;29,35
min_prix_min_vendeurs;bradpitkeeper;Ralliement des ancêtres;Destin reforgé;NM;fr;no;;1;0,60;0,60;4,10;29,35
min_prix_min_vendeurs;bradpitkeeper;Ralliement des ancêtres;Destin reforgé;EX;fr;no;;1;0,45;0,45;4,10;29,35
min_prix_min_vendeurs;bradpitkeeper;Reflet mystique;Kaldheim;NM;fr;no;;2;1,75;3,50;4,10;29,35
min_prix_min_vendeurs;bradpitkeeper;Renégat de Narnam;La révolte éthérique;NM;en;no;;3;0,25;0,75;4,10;29,35
min_prix_min_vendeurs;bradpitkeeper;Tueur de géant // Petit bois;Throne of Eldraine: Extras;NM;en;no;;1;0,45;0,45;4,10;29,35
min_prix_min_vendeurs;bradpitkeeper;Vengeance grandissante;Obscure Ascension;NM;fr;no;;4;0,95;3,80;4,10;29,35
min_prix_min_vendeurs;bradpitkeeper;Éveilleur sangfoudre;Édition de base 2020;NM;fr;no;;2;0,60;1,20;4,10;29,35
min_prix_min_vendeurs;maglaf88;Amer calvaire;Vision de l'Avenir;GD;fr;no;;1;3,38;3,38;4,10;16,54
min_prix_min_vendeurs;maglaf88;Anarchomancien gobelin;Horizons du Modern 2;EX;fr;no;;3;0,23;0,69;4,10;16,54
min_prix_min_vendeurs;maglaf88;Anarchomancien gobelin (V.1);Horizons du Modern 2: Extras;EX;fr;no;;1;0,16;0,16;4,10;16,54
min_prix_min_vendeurs;maglaf88;Aperçu de l'impossible;Horizons du Modern 3;EX;en;no;;1;0,12;0,12;4,10;16,54
min_prix_min_vendeurs;maglaf88;Chêne de course;Horizons du Modern 2;EX;fr;no;;4;0,71;2,84;4,10;16,54
min_prix_min_vendeurs;maglaf88;Communion avec les dieux;Eternal Masters;EX;en;no;;4;0,15;0,60;4,10;16,54
min_prix_min_vendeurs;maglaf88;Couvécaille indolent;Horizons du Modern 3;EX;fr;no;;3;0,21;0,63;4,10;16,54
min_prix_min_vendeurs;maglaf88;Délivrance du druide;Modern Masters 2017;EX;en;no;;4;0,15;0,60;4,10;16,54
min_prix_min_vendeurs;maglaf88;Grizzlis;Septième Edition;LP;fr;no;;1;0,05;0,05;4,10;16,54
min_prix_min_vendeurs;maglaf88;Jiang Yanggu, façonneur de la forêt;La guerre des Planeswalkers;EX;fr;no;;2;0,13;0,26;4,10;16,54
min_prix_min_vendeurs;maglaf88;Messe noire;Ere Glaciaire;PL;fr;no;1,00;1;0,83;0,83;4,10;16,54
min_prix_min_vendeurs;maglaf88;Relai zingant;Horizons du Modern 2;EX;en;no;;1;0,11;0,11;4,10;16,54
min_prix_min_vendeurs;maglaf88;Relai zingant (V.1);Horizons du Modern 2: Extras;EX;fr;no;;2;0,13;0,26;4,10;16,54
min_prix_min_vendeurs;maglaf88;Retour au pays;Dominaria Remastered;EX;fr;no;;1;1,00;1,00;4,10;16,54
min_prix_min_vendeurs;maglaf88;Voyageur damné;Commander Legends;EX;fr;no;;3;0,09;0,27;4,10;16,54
min_prix_min_vendeurs;maglaf88;Éveilleur sangfoudre;Édition de base 2020;EX;fr;no;;1;0,26;0,26;4,10;16,54
min_prix_min_vendeurs;maglaf88;Éveilleur sangfoudre;Édition de base 2020;EX;en;no;;1;0,38;0,38;4,10;16,54
